"Time","Value"
"04",13946.3870061301
"05",13315.3177129112
"06",12879.5963383832
"07",12611.8053169168
"08",12552.2604531205
"09",12739.2565468024
"10",13137.8397832848
"11",13708.6583356391
"12",14354.5505047225
"13",15041.9368014249
"14",15737.3981054797
"15",16405.4773310113
"16",16987.8810816596
"17",17482.2880060323
"18",17851.5448859409
"19",18142.5156930414
"20",18352.3241046648
"21",18425.3224613578
"22",18292.813264861
"23",17912.725042168
"24",17355.7589378728
"01",16704.5260058023
"02",15738.5999589466
"03",14757.3935707835
"04",13543.3142915728
"05",13031.3123373685
"06",12679.199566466
"07",12461.787143324
"08",12386.1429204476
"09",12449.5220595776
"10",12684.4444986417
"11",13223.5251464548
"12",13896.0173172106
"13",14446.9885855021
"14",14809.7175406181
"15",15097.1070859515
"16",15318.461232704
"17",15481.8603565642
"18",15575.2251815549
"19",15672.624762495
"20",15829.0159103016
"21",16086.8756850369
"22",16362.9916748666
"23",16309.5279365591
"24",16055.1004929137
"01",15701.7772482216
"02",15105.7103558538
"03",14421.7552909834
"04",14679.8348183248
"05",14011.3129353193
"06",13552.5982213688
"07",13270.329280089
"08",13199.9282611907
"09",13376.9819943887
"10",13757.4672378632
"11",14360.8993977824
"12",15081.9163582272
"13",15821.856455992
"14",16560.9643988531
"15",17300.7054412554
"16",17965.3050472351
"17",18542.0366742906
"18",18983.6842462695
"19",19333.9001432065
"20",19600.1389762833
"21",19721.2695299447
"22",19617.3264199193
"23",19203.5732167394
"24",18585.7026876827
"01",17898.4527087896
"02",16845.4866557967
"03",15780.2454509001
"04",13763.8361578615
"05",13144.7841009688
"06",12719.2163006668
"07",12463.025837762
"08",12424.7930938769
"09",12652.6939818275
"10",13091.7219913254
"11",13624.0035186553
"12",14179.4324360764
"13",14796.7312003084
"14",15476.1564344957
"15",16151.681084506
"16",16760.0928565493
"17",17285.7236145147
"18",17689.4649158958
"19",18019.0370510849
"20",18257.7290204028
"21",18315.9544724103
"22",18120.536032252
"23",17714.7450437737
"24",17137.6171918709
"01",16445.2693991719
"02",15430.1362307741
"03",14419.0137099557
"04",13798.298138768
"05",13117.8264535448
"06",12631.0346444476
"07",12314.6006973651
"08",12207.7251116816
"09",12330.6204716041
"10",12647.1117165628
"11",13174.5716781713
"12",13893.6630135837
"13",14772.1811547193
"14",15680.2405998576
"15",16501.2456531135
"16",17184.150598429
"17",17733.9017783205
"18",18118.5539185972
"19",18404.4769564132
"20",18573.462196145
"21",18550.5981960748
"22",18290.7845928106
"23",17829.9378444129
"24",17226.5772622108
"01",16551.8101971656
"02",15569.160170331
"03",14579.5064032417
"04",14255.459457652
"05",13644.4949080398
"06",13232.8780067209
"07",12988.0761475534
"08",12954.9865450918
"09",13176.8774058256
"10",13617.2406701219
"11",14223.3073247754
"12",14854.2885214083
"13",15453.040338334
"14",16039.3606115113
"15",16623.4978024294
"16",17156.2510664553
"17",17612.9364769403
"18",17951.9918186516
"19",18221.3624390558
"20",18423.423039856
"21",18507.1471299742
"22",18403.3655850588
"23",18041.6641021489
"24",17499.2148113749
"01",16865.3688351295
"02",15910.7480663857
"03",14940.038172934
"04",13614.658176127
"05",13079.039902565
"06",12717.2238668822
"07",12502.1763202054
"08",12463.7293554511
"09",12626.2189046133
"10",12990.6133160192
"11",13555.9189412518
"12",14160.0161371386
"13",14675.0299818192
"14",15095.5900458548
"15",15476.4356083078
"16",15806.7185150117
"17",16075.1722648646
"18",16255.9175719516
"19",16413.8739824872
"20",16576.2465782904
"21",16738.3608899083
"22",16823.8505449589
"23",16641.0138993326
"24",16274.2647106378
"01",15798.4955181856
"02",15058.8910062885
"03",14266.5696156091
"04",12633.4912024004
"05",12060.130426168
"06",11658.1932549367
"07",11411.583576882
"08",11360.7135070103
"09",11542.2673369132
"10",11923.1879248077
"11",12393.5203227011
"12",12919.4774692478
"13",13551.4415059887
"14",14231.552527011
"15",14852.7670764604
"16",15377.4778104086
"17",15809.0266127137
"18",16123.3022172569
"19",16383.0631225583
"20",16578.7599219121
"21",16649.5107185283
"22",16513.1404150798
"23",16209.6050418232
"24",15755.8428543684
"01",15159.1349789892
"02",14291.9364726016
"03",13412.5448068817
"04",12960.3775394447
"05",12354.4354788058
"06",11931.5044556389
"07",11672.5298826869
"08",11618.4717102741
"09",11809.4846762514
"10",12193.2265266635
"11",12667.8870674266
"12",13217.0623190721
"13",13892.3564518627
"14",14644.1873443745
"15",15365.5181895871
"16",15995.508196034
"17",16533.3557119477
"18",16948.0270276134
"19",17291.9158881238
"20",17553.9923421876
"21",17658.0703789839
"22",17506.2007629017
"23",17152.2113325252
"24",16631.9678729393
"01",15973.1005253826
"02",15000.0329908091
"03",14027.9868161011
"04",13669.8201827602
"05",13009.2245636584
"06",12549.6739382443
"07",12265.2871942739
"08",12199.2121852399
"09",12393.2258594363
"10",12775.2053572025
"11",13278.977467794
"12",13896.0910474846
"13",14654.0144851386
"14",15502.3704341268
"15",16342.5167941149
"16",17092.0214249334
"17",17739.9320510325
"18",18247.8629108923
"19",18661.3850046429
"20",18961.4184686017
"21",19056.33434932
"22",18848.5194645454
"23",18401.8503842242
"24",17780.5500974553
"01",17046.7097210455
"02",15954.2512803842
"03",14873.4176349911
"04",13913.8328503597
"05",13201.7679756054
"06",12691.2837737204
"07",12356.2028478623
"08",12238.9576544148
"09",12358.8022494907
"10",12658.0780258868
"11",13167.892746543
"12",13911.6299292536
"13",14862.9062722845
"14",15875.3321766515
"15",16808.5574354244
"16",17596.0899862637
"17",18236.66983189
"18",18697.8915865433
"19",19043.7885041091
"20",19241.5282519625
"21",19209.009782347
"22",18891.9537869237
"23",18371.7435600465
"24",17716.009674573
"01",16992.3833449398
"02",15936.2804053649
"03",14881.6948765905
"04",13540.7718104513
"05",12862.430652152
"06",12385.5686833831
"07",12087.8301752897
"08",12026.4444133843
"09",12252.3393436235
"10",12674.5082800385
"11",13153.1285021986
"12",13720.0913891042
"13",14496.0806379785
"14",15425.6130169246
"15",16333.2274642173
"16",17135.4634608145
"17",17819.3336537482
"18",18342.8445652341
"19",18752.2395019155
"20",18994.2247252541
"21",18946.6879574257
"22",18541.7645888801
"23",17991.4425854403
"24",17311.3053610534
"01",16515.180654471
"02",15379.8568924371
"03",14276.726445749
"04",15322.8661254998
"05",14597.65629465
"06",14094.9832009195
"07",13776.1456453565
"08",13687.8378224926
"09",13854.9192462298
"10",14221.4785185572
"11",14861.8961859492
"12",15690.5130556024
"13",16572.1605038207
"14",17446.7663920786
"15",18295.0653598297
"16",19044.9902766196
"17",19669.3058158097
"18",20115.2257063309
"19",20442.4226599547
"20",20624.2999035059
"21",20601.8990807235
"22",20332.2917746619
"23",19789.4763250613
"24",19087.2432999658
"01",18356.9407866977
"02",17262.6562445606
"03",16159.5740487332
"04",16457.1081812967
"05",15707.6506186442
"06",15188.9366581035
"07",14852.5246834833
"08",14734.1841033538
"09",14836.2047104264
"10",15116.5612977773
"11",15807.5895079131
"12",16776.7410254716
"13",17719.7221662143
"14",18550.9270683832
"15",19352.4515186865
"16",20062.444946579
"17",20644.8011379144
"18",21048.9739818707
"19",21340.2067958974
"20",21509.3910336869
"21",21539.0970699022
"22",21393.6915511585
"23",20885.0358926718
"24",20189.5850219874
"01",19508.5824472787
"02",18448.8252403754
"03",17355.4218670761
"04",15116.4535308082
"05",14293.7388014681
"06",13683.1037951742
"07",13255.6733719535
"08",13042.900653989
"09",13030.4739934601
"10",13142.4350259155
"11",13606.8180793619
"12",14539.2223613849
"13",15807.7633862327
"14",17114.8695043854
"15",18277.0640627588
"16",19235.320844939
"17",19984.806230503
"18",20504.5591716653
"19",20875.4032378602
"20",21037.8230967056
"21",20903.4737188317
"22",20446.440684506
"23",19771.3589715412
"24",18987.1341697023
"01",18197.2974610392
"02",17064.1911011532
"03",15934.5162259529
"04",13227.8375952127
"05",12486.0684257455
"06",11915.6138372366
"07",11505.2115903072
"08",11271.2946492856
"09",11182.2145789407
"10",11185.7936366282
"11",11478.6053606611
"12",12272.6532268147
"13",13501.5484687791
"14",14786.9534160196
"15",15869.1820249923
"16",16715.9183253291
"17",17356.4556213201
"18",17794.9714252525
"19",18123.79635429
"20",18289.7780371907
"21",18209.263078248
"22",17839.6477031257
"23",17327.1020093675
"24",16728.7855208357
"01",16062.6449779326
"02",15117.9776795506
"03",14159.7311953956
"04",13977.0309012344
"05",13318.2661852115
"06",12859.5388499505
"07",12575.2979061888
"08",12503.7126844701
"09",12686.920894875
"10",13044.4162855989
"11",13538.9555690686
"12",14161.7613664856
"13",14917.4386593918
"14",15749.7667431834
"15",16573.1046922952
"16",17312.5638697129
"17",17942.3753193662
"18",18431.3458966502
"19",18823.378503908
"20",19089.7835671928
"21",19146.5590833288
"22",18911.7845900845
"23",18453.2705231661
"24",17836.0864411571
"01",17106.6582180122
"02",16037.6901522662
"03",14976.911183197
"04",15290.8922995123
"05",14578.7079164673
"06",14092.8806010104
"07",13794.4230319973
"08",13729.8920602791
"09",13947.4622074161
"10",14368.2987474869
"11",15010.5843158305
"12",15780.0301882541
"13",16597.081483942
"14",17440.7504820253
"15",18286.0846337295
"16",19057.3924929424
"17",19702.8307474502
"18",20179.340031504
"19",20526.1222007235
"20",20715.6000990259
"21",20675.2384379683
"22",20359.930035409
"23",19793.7528875509
"24",19079.3243731522
"01",18310.0148297896
"02",17189.5240245544
"03",16070.7387466544
"04",14831.5267013275
"05",14143.6812841112
"06",13649.2771135294
"07",13319.8961141104
"08",13173.536170769
"09",13202.7308293933
"10",13377.5431856522
"11",13901.4158284433
"12",14743.0317159292
"13",15683.2479147327
"14",16542.478873346
"15",17299.9707423553
"16",17930.9694422573
"17",18415.273014694
"18",18733.3649565266
"19",18961.288521014
"20",19095.5293375978
"21",19102.9718310871
"22",18946.3049633574
"23",18524.7264018775
"24",17972.5764243822
"01",17378.9540995638
"02",16488.2655597257
"03",15554.5992604213
"04",14252.2955627779
"05",13636.9921014259
"06",13212.7956093696
"07",12952.7333109781
"08",12887.6548257869
"09",13047.2411418312
"10",13394.3913008508
"11",13954.464626979
"12",14630.5791575098
"13",15317.2869358157
"14",15965.4848981371
"15",16574.3585859242
"16",17108.8819645728
"17",17535.9941518638
"18",17834.0937430524
"19",18058.5022426495
"20",18211.1288055967
"21",18248.9779726461
"22",18120.6027016908
"23",17759.1858370921
"24",17256.1370481334
"01",16660.1941615409
"02",15778.104460129
"03",14865.4532261133
"04",14400.5899032013
"05",13921.8323935852
"06",13620.0365258078
"07",13459.7002134425
"08",13461.3129131529
"09",13657.0298470417
"10",14064.9891656548
"11",14728.5800595184
"12",15354.0178256651
"13",15686.2762177278
"14",15811.8224149952
"15",15943.0920233435
"16",16085.3689285312
"17",16197.920023666
"18",16256.5832148894
"19",16318.210353477
"20",16445.4691377695
"21",16678.0291206155
"22",16942.900065217
"23",16873.3655115862
"24",16602.7421639491
"01",16228.2286140026
"02",15607.3905764237
"03",14900.8579134404
"04",14703.2959479445
"05",14165.5173032009
"06",13827.3248580949
"07",13652.3535282544
"08",13681.6256089643
"09",13979.8338007809
"10",14505.9356776968
"11",15171.3428144374
"12",15735.8588035789
"13",16096.976576158
"14",16389.0084870296
"15",16742.6633793657
"16",17117.0680153331
"17",17451.2455421481
"18",17708.0890495068
"19",17919.799131578
"20",18112.2923408176
"21",18255.7337423895
"22",18273.3292279352
"23",18003.9536350756
"24",17550.2039110029
"01",16978.0506042444
"02",16104.5253636944
"03",15197.797760124
"04",14322.4754980312
"05",13673.9351705923
"06",13213.6023950133
"07",12915.2216372777
"08",12798.3666973939
"09",12870.3767580194
"10",13092.4295539079
"11",13592.5592549571
"12",14344.8455725265
"13",15184.2002060893
"14",15972.0373360233
"15",16688.9523948968
"16",17295.3329193793
"17",17775.9599009662
"18",18114.9564916827
"19",18375.2814819917
"20",18563.1631801103
"21",18639.9615544132
"22",18540.7557075575
"23",18171.8026482664
"24",17661.0069192946
"01",17068.247412031
"02",16172.894191987
"03",15243.6690854966
"04",13022.6144644328
"05",12414.1939565884
"06",11984.7633891731
"07",11719.1224863277
"08",11648.5778309853
"09",11811.6588091406
"10",12136.9767001889
"11",12548.6585893417
"12",13085.2330836758
"13",13791.2099070607
"14",14584.3397497085
"15",15346.5916205826
"16",16016.1396877152
"17",16580.9541619665
"18",17023.9005489515
"19",17390.6150191187
"20",17670.2168633556
"21",17771.5458735779
"22",17596.1674644467
"23",17221.5375805847
"24",16702.8434122976
"01",16028.5633391828
"02",15045.4999805617
"03",14068.1240780184
"04",12969.1431713336
"05",12371.3772355032
"06",11957.2683736277
"07",11710.2935808123
"08",11674.5623835641
"09",11903.8761536141
"10",12338.119124331
"11",12834.2665484561
"12",13368.918414189
"13",14024.4672675284
"14",14768.1628001864
"15",15480.9747789377
"16",16102.9811727041
"17",16615.3420596017
"18",16997.9024340445
"19",17294.415989106
"20",17493.5962627784
"21",17509.7392562149
"22",17266.8396161405
"23",16871.0931309377
"24",16349.4928337755
"01",15673.5367834865
"02",14715.7200228102
"03",13764.3640210754
"04",12858.1155264579
"05",12261.0573370662
"06",11852.7041953849
"07",11617.3973964225
"08",11605.4532481326
"09",11885.8938152669
"10",12382.7323869681
"11",12885.0176603503
"12",13369.9833465348
"13",13982.994946777
"14",14728.3224819887
"15",15470.1606871826
"16",16133.9956913564
"17",16694.3882836343
"18",17127.6705915681
"19",17467.6025995861
"20",17694.9564725433
"21",17708.1314968152
"22",17421.7481004546
"23",16994.5011318361
"24",16439.1653418974
"01",15713.5209799391
"02",14692.9724087367
"03",13694.3186380976
"04",12840.8972275584
"05",12219.7147384563
"06",11786.222081461
"07",11526.4993031234
"08",11488.7265738295
"09",11731.2810761934
"10",12177.7277953313
"11",12652.4072615388
"12",13172.5658878892
"13",13878.252721001
"14",14721.7293972909
"15",15538.2457116553
"16",16250.7400850386
"17",16844.0597313284
"18",17295.0516823634
"19",17642.8774110743
"20",17863.4704599717
"21",17850.58352102
"22",17525.2337481758
"23",17065.6573546193
"24",16490.3207246435
"01",15752.025163203
"02",14719.7349041876
"03",13710.2806536224
"04",13084.3546412486
"05",12451.4968565565
"06",12012.566656545
"07",11751.5612039583
"08",11719.0189435597
"09",11975.5545436501
"10",12440.5620868152
"11",12940.0175104448
"12",13481.1364574483
"13",14194.6645270057
"14",15046.6621197672
"15",15883.217306437
"16",16620.3957286247
"17",17238.0369692335
"18",17709.7712311546
"19",18072.2766581986
"20",18298.5112114417
"21",18283.1835109666
"22",17947.1784245828
"23",17462.2236320738
"24",16860.6085373537
"01",16100.7804177061
"02",15036.3880880263
"03",13997.0461865583
"04",13470.8868974409
"05",12840.6920510612
"06",12403.193989674
"07",12138.6785198817
"08",12088.7979126433
"09",12298.7654994135
"10",12706.4679586322
"11",13226.8147392748
"12",13836.773111832
"13",14567.5402638848
"14",15366.8619975649
"15",16136.6747096759
"16",16808.1188022794
"17",17361.1252216128
"18",17773.2576710445
"19",18086.2922611293
"20",18289.8367589451
"21",18306.7132428397
"22",18062.3099104738
"23",17626.0841710445
"24",17065.4131406844
"01",16369.7321031931
"02",15376.5502161345
"03",14386.4578052998
"04",13815.7602033584
"05",13174.6749652931
"06",12723.2007986626
"07",12442.367731919
"08",12362.7609452326
"09",12512.4824315805
"10",12828.4490750947
"11",13306.7370023162
"12",13952.310847321
"13",14725.019192442
"14",15538.9606247735
"15",16322.4050145839
"16",17006.354017608
"17",17573.874720652
"18",18008.3668979745
"19",18351.8877089928
"20",18595.7643309515
"21",18667.9846696809
"22",18489.5440206168
"23",18070.0593597541
"24",17514.4941620644
"01",16834.1302454794
"02",15839.1418826534
"03",14841.0031508116
"04",13542.102273577
"05",12838.9892782809
"06",12333.3875863129
"07",12012.877022072
"08",11919.2738080251
"09",12089.9685393279
"10",12424.1865670464
"11",12843.5501498957
"12",13461.0798768303
"13",14370.8368123272
"14",15443.6179944749
"15",16480.1469805601
"16",17380.8596995321
"17",18130.4214048437
"18",18709.923598045
"19",19154.6979253921
"20",19420.4119520815
"21",19372.8036028629
"22",18946.9493688306
"23",18354.2935270512
"24",17665.0728133156
"01",16834.9737977632
"02",15674.8728637374
"03",14552.90452587
"04",12633.2100003141
"05",12012.6224146012
"06",11564.173644309
"07",11279.6308925914
"08",11195.0864698364
"09",11340.4061264503
"10",11663.1413482109
"11",12080.7699025579
"12",12652.2604338315
"13",13449.8307918883
"14",14338.7495752236
"15",15137.8197820047
"16",15795.6777028545
"17",16312.6381237685
"18",16681.0163060983
"19",16957.3031024237
"20",17111.4972657678
"21",17068.6751616275
"22",16768.4688523779
"23",16346.405646792
"24",15836.2076729589
"01",15171.5677077307
"02",14256.4931974311
"03",13344.545774344
"04",11654.3746716982
"05",11185.391582978
"06",10873.5396549869
"07",10711.0103019183
"08",10742.595525724
"09",11038.4550698576
"10",11556.4244367927
"11",12008.1426629776
"12",12322.3101090509
"13",12665.0360006121
"14",13099.4497361235
"15",13536.107233207
"16",13931.7537292686
"17",14276.1003592708
"18",14553.4496038245
"19",14804.6731965321
"20",15026.9445888538
"21",15160.5272500314
"22",15098.1029807296
"23",14899.9803760618
"24",14553.7878897939
"01",13979.701317648
"02",13172.6512863269
"03",12362.9371785925
"04",11358.5702760707
"05",10914.2848582218
"06",10631.9546698906
"07",10502.2751991702
"08",10579.9126448911
"09",10956.2363640443
"10",11581.9595590322
"11",12066.9695193693
"12",12307.7277990402
"13",12540.7558966174
"14",12903.6089788344
"15",13311.0483250338
"16",13704.6528071443
"17",14067.2083516371
"18",14376.1401035132
"19",14660.777651942
"20",14918.4309790349
"21",15083.9124166034
"22",15031.6171948534
"23",14845.9049057394
"24",14496.3584904661
"01",13891.802711267
"02",13043.7121777546
"03",12205.2284177609
"04",11569.2326885116
"05",11095.1265371265
"06",10790.7901122614
"07",10648.89474722
"08",10726.4343956994
"09",11121.7833368135
"10",11773.7603530519
"11",12275.7748350568
"12",12540.5343007853
"13",12825.1888217086
"14",13267.6399816114
"15",13762.225342019
"16",14236.0069311147
"17",14667.409777496
"18",15029.0576156745
"19",15345.7502702172
"20",15603.828063543
"21",15727.9616661092
"22",15595.7702329954
"23",15336.1916480745
"24",14923.8936400559
"01",14261.6280636194
"02",13340.9520597651
"03",12442.8394613624
"04",11592.8526783713
"05",11072.5496880707
"06",10724.0505449553
"07",10542.4557007307
"08",10584.8582265834
"09",10940.173654202
"10",11534.7830954249
"11",11992.881396309
"12",12299.0946502991
"13",12725.1480792884
"14",13342.9411794768
"15",13984.120030113
"16",14570.3211105678
"17",15086.745250852
"18",15507.9238706505
"19",15862.4563924826
"20",16119.3538712752
"21",16184.3429575054
"22",15943.4858477513
"23",15597.509971874
"24",15124.3178193126
"01",14409.9972200281
"02",13431.1092425874
"03",12487.1666330426
"04",11905.1362062918
"05",11340.4179582537
"06",10950.7634907339
"07",10731.3171766253
"08",10731.2615447791
"09",11020.3416223801
"10",11517.2905887871
"11",11932.341300581
"12",12309.1425689739
"13",12870.736368642
"14",13623.3800725975
"15",14386.6272435043
"16",15074.1900767725
"17",15675.0793177624
"18",16167.2755380161
"19",16581.4243350664
"20",16882.4402816811
"21",16966.0383670934
"22",16715.6016229959
"23",16322.6338279411
"24",15802.3800110041
"01",15057.6115493531
"02",14023.1186925483
"03",13027.1653073407
"04",12798.2079824893
"05",12157.8206430276
"06",11713.3857356042
"07",11455.4301607632
"08",11434.6140308542
"09",11720.8999897767
"10",12207.0309060843
"11",12650.3787554899
"12",13124.2133726248
"13",13824.4227005147
"14",14739.349802
"15",15682.9194618264
"16",16543.3850096243
"17",17294.8383439405
"18",17907.7418773299
"19",18402.2696714859
"20",18732.4253434602
"21",18770.0869597534
"22",18405.6136483047
"23",17867.0820888941
"24",17212.0678053727
"01",16356.9225338517
"02",15168.4855230898
"03",14037.64250301
"04",13561.9034656492
"05",12907.5637381315
"06",12455.2416232117
"07",12185.3812536527
"08",12147.1883661957
"09",12397.0523497029
"10",12855.4123119304
"11",13380.5137466713
"12",13976.8643846668
"13",14727.3045098384
"14",15599.4274937288
"15",16463.4191508845
"16",17231.1650765798
"17",17869.2329220032
"18",18349.8593341166
"19",18715.4088196411
"20",18924.3161552706
"21",18888.2612067727
"22",18534.7611688923
"23",18006.4956540846
"24",17377.6648243257
"01",16595.3865583327
"02",15509.6592144344
"03",14451.3192563736
"04",14430.5778500774
"05",13732.5038228977
"06",13250.5880585232
"07",12957.1356274812
"08",12905.6531474837
"09",13146.9989841968
"10",13592.1392830345
"11",14148.9391727711
"12",14822.6152006605
"13",15644.3816476777
"14",16572.88991691
"15",17500.5052214077
"16",18333.616908228
"17",19023.5372471977
"18",19538.1026304186
"19",19917.5230659586
"20",20115.3903902988
"21",20037.9085759987
"22",19626.463124522
"23",19014.5438359279
"24",18312.8383632902
"01",17484.6068580292
"02",16332.7651275116
"03",15212.3592027172
"04",15470.9129973133
"05",14695.26990588
"06",14159.4855558292
"07",13825.6366535174
"08",13751.0064167957
"09",13984.1485602017
"10",14416.7214501665
"11",15004.9522591091
"12",15784.7679245272
"13",16750.4645275149
"14",17839.2212763338
"15",18936.8123192794
"16",19928.7088665068
"17",20752.5328989418
"18",21369.7392048805
"19",21809.8868865015
"20",22019.6710837753
"21",21887.6676762947
"22",21369.8123248036
"23",20616.2112374355
"24",19784.4683448662
"01",18850.0099945901
"02",17557.2650759722
"03",16313.4276020132
"04",14311.9844016197
"05",13542.0560600472
"06",12975.876803543
"07",12592.8728535386
"08",12432.3047457649
"09",12505.6591633289
"10",12723.0364802908
"11",13126.4455594305
"12",13890.4203598191
"13",15017.1887703862
"14",16264.6624747411
"15",17413.188663743
"16",18379.7017746482
"17",19145.2796981569
"18",19691.5156115393
"19",20077.8959241131
"20",20237.2133367126
"21",20060.3847018156
"22",19519.5374267017
"23",18819.8098942423
"24",18083.0704951034
"01",17237.1491892225
"02",16094.4009458854
"03",14981.1051481299
"04",13310.6654830746
"05",12774.7978741977
"06",12411.1145810243
"07",12198.8454417654
"08",12169.7321045642
"09",12361.0117393716
"10",12742.4331346947
"11",13231.2636561945
"12",13750.2860803123
"13",14257.050967173
"14",14746.9462931523
"15",15222.2861439243
"16",15650.4997842651
"17",16006.704453931
"18",16272.6520543909
"19",16499.3289689645
"20",16694.5999016757
"21",16822.6204160176
"22",16800.1703099793
"23",16543.7574124868
"24",16147.9034265192
"01",15585.5575381479
"02",14773.9392853789
"03",13936.57524951
"04",13110.488727944
"05",12529.8899361084
"06",12126.914963858
"07",11885.405565654
"08",11839.1957431022
"09",12028.5937321187
"10",12401.9796350261
"11",12853.8902981072
"12",13383.8223571554
"13",14011.2610689645
"14",14694.7294720556
"15",15361.1969181435
"16",15952.7795026265
"17",16449.7626026665
"18",16833.4851047121
"19",17150.3430710047
"20",17388.7891737513
"21",17485.7910390184
"22",17351.6074137161
"23",16998.4798837104
"24",16518.3285943802
"01",15861.5896533174
"02",14933.9767196467
"03",14006.1743691816
"04",13175.7204902111
"05",12562.2427641272
"06",12130.4157962758
"07",11865.5638971662
"08",11801.2429424232
"09",11976.5031433302
"10",12327.8608847419
"11",12760.0280435596
"12",13318.193190204
"13",14035.8139180797
"14",14838.7157740714
"15",15616.7148271827
"16",16300.7523442475
"17",16875.0818994526
"18",17319.3006445033
"19",17680.5503367001
"20",17931.9692139923
"21",17997.1273359542
"22",17790.3084751638
"23",17372.1679741285
"24",16839.2818445574
"01",16131.7371837092
"02",15142.5721041159
"03",14165.1298121965
"04",12042.6831496313
"05",11506.0714546414
"06",11128.8301877597
"07",10905.2431469214
"08",10871.1283277413
"09",11071.8312522037
"10",11452.6294951625
"11",11815.8691023498
"12",12211.6168791402
"13",12764.8044449237
"14",13428.2518840554
"15",14063.234400251
"16",14619.0767459874
"17",15091.3419789014
"18",15467.863456115
"19",15798.5954769195
"20",16056.234812022
"21",16157.7163841674
"22",16000.5381027718
"23",15687.4011797187
"24",15259.679334426
"01",14612.4811189614
"02",13720.2691570711
"03",12839.0967429484
"04",11331.6204245321
"05",10876.6343741507
"06",10582.2377153917
"07",10441.0139154487
"08",10508.0960551674
"09",10872.7528229914
"10",11484.9869501973
"11",11947.164696634
"12",12193.5737780073
"13",12470.1736205055
"14",12889.9702226336
"15",13343.6058549192
"16",13772.2448812421
"17",14159.5530246955
"18",14481.6375815774
"19",14775.5755728907
"20",15023.8731277363
"21",15156.9946833887
"22",15053.0225070078
"23",14825.3120745018
"24",14458.0002298505
"01",13825.267787099
"02",12962.7427856168
"03",12118.9045553755
"04",11441.130998912
"05",10992.420433236
"06",10707.8719233122
"07",10577.7326008974
"08",10660.6990463442
"09",11052.1127643948
"10",11703.4055667361
"11",12198.8538233072
"12",12444.9110840563
"13",12686.3764739566
"14",13064.8198023046
"15",13490.2187724815
"16",13902.2194055578
"17",14278.7734178329
"18",14592.8602958772
"19",14878.8281020165
"20",15121.5602896617
"21",15257.816717332
"22",15164.9134909885
"23",14942.4363426733
"24",14575.4298335256
"01",13941.9590551458
"02",13077.2025172306
"03",12230.4967140954
"04",11836.3205870877
"05",11375.8492573097
"06",11084.5398304998
"07",10948.7548968748
"08",11025.3773515631
"09",11405.9505703083
"10",12045.9610635399
"11",12568.4490362554
"12",12862.8507213159
"13",13126.9258915476
"14",13499.3232908159
"15",13918.4810776365
"16",14325.9185173773
"17",14696.2390397814
"18",15000.8350380114
"19",15273.6681691774
"20",15505.6596258129
"21",15641.2007325481
"22",15563.8568070766
"23",15335.0285856016
"24",14959.3863940383
"01",14332.0650464023
"02",13468.5661833321
"03",12617.2194739761
"04",11815.8254945748
"05",11313.1322565062
"06",10982.652372905
"07",10814.9653651062
"08",10869.5144442784
"09",11236.5351817433
"10",11852.686548142
"11",12329.6371988496
"12",12632.2672900566
"13",13005.7696134814
"14",13543.6158222867
"15",14116.0094713372
"16",14651.8017454691
"17",15127.3267750692
"18",15515.2199224445
"19",15847.8120267275
"20",16093.691935225
"21",16171.0037948286
"22",15964.5860495454
"23",15634.7182360342
"24",15183.4957884926
"01",14477.8317082223
"02",13528.0811167158
"03",12609.2392303508
"04",11433.9819078098
"05",11040.8580590207
"06",10783.5762247423
"07",10654.2928940334
"08",10676.3070213229
"09",10894.31001481
"10",11321.5669687722
"11",11778.6748004556
"12",12124.9907088887
"13",12369.8359127578
"14",12567.2644250856
"15",12739.6683462807
"16",12887.7611683787
"17",13015.5527171287
"18",13117.8619770883
"19",13254.7182614564
"20",13463.2546436748
"21",13745.2855692451
"22",13978.3420396379
"23",14000.4399939307
"24",13841.6057197157
"01",13458.7545465253
"02",12882.8380554758
"03",12255.9019207626
"04",10968.8152063224
"05",10564.9529911205
"06",10310.4693065248
"07",10200.6617541797
"08",10280.8189944124
"09",10637.4914452998
"10",11232.8722781624
"11",11668.1704331482
"12",11862.3630581278
"13",12031.229924338
"14",12314.0304741571
"15",12648.9584311552
"16",12986.6642048071
"17",13317.1337111565
"18",13620.4432977163
"19",13929.9363527498
"20",14249.4519896583
"21",14517.9101969842
"22",14580.1968851697
"23",14469.5437631007
"24",14184.0467353777
"01",13610.2191618108
"02",12804.6833320436
"03",12008.3835672408
"04",11228.9422367297
"05",10803.5395771417
"06",10543.6723472855
"07",10440.4256477399
"08",10557.7052141253
"09",11007.7159010284
"10",11738.2545705702
"11",12250.7203460201
"12",12434.6568232505
"13",12584.9337105067
"14",12896.8801710588
"15",13283.9835404124
"16",13680.2475340488
"17",14058.9152060879
"18",14388.6762720981
"19",14695.1015394671
"20",14962.4767820556
"21",15121.1854151889
"22",15031.1296162006
"23",14817.8336918995
"24",14452.9093177462
"01",13797.2164621491
"02",12910.3367913035
"03",12051.6306577498
"04",11595.5977918034
"05",11074.097384196
"06",10734.8656762905
"07",10568.8649630337
"08",10649.9615630157
"09",11089.9383068246
"10",11796.7843017952
"11",12261.4843529661
"12",12494.9065539379
"13",12864.8619088818
"14",13494.9252771264
"15",14191.7121425869
"16",14859.5048906909
"17",15465.8103303504
"18",15976.0992100324
"19",16407.9052600086
"20",16706.126756247
"21",16749.7516267415
"22",16408.4683145357
"23",15975.0458583072
"24",15432.5417798618
"01",14600.6991084272
"02",13508.092222726
"03",12485.2369620012
"04",11870.0131196895
"05",11323.3110805205
"06",10958.6544305373
"07",10765.1729783648
"08",10808.1960156429
"09",11181.1423693283
"10",11801.9729712276
"11",12255.2437475751
"12",12568.8151414311
"13",13040.9431030713
"14",13734.4850121869
"15",14461.0901162619
"16",15133.6767886842
"17",15727.8612296098
"18",16211.7988445345
"19",16614.4828227575
"20",16884.8473117562
"21",16912.7431571121
"22",16580.3412425824
"23",16143.2985266632
"24",15603.9022548686
"01",14801.985480824
"02",13744.354231046
"03",12742.9743300974
"04",11989.1796946697
"05",11460.0013554972
"06",11106.8243230988
"07",10919.1401227305
"08",10951.5685026322
"09",11289.2430428617
"10",11867.3505945191
"11",12335.4714071423
"12",12684.2774589634
"13",13138.9559619978
"14",13752.8790534121
"15",14383.7056341065
"16",14961.917312668
"17",15467.6106225298
"18",15872.1588295642
"19",16211.7983001875
"20",16452.5797087049
"21",16508.713425321
"22",16268.8868820638
"23",15903.4129516851
"24",15425.3879126852
"01",14701.6073741314
"02",13735.9053764343
"03",12803.0348714866
"04",12233.1489292201
"05",11758.2398927075
"06",11451.2533432273
"07",11297.0801927186
"08",11341.1607407679
"09",11659.0085730144
"10",12221.7272950722
"11",12750.803438459
"12",13128.8126752697
"13",13463.045431633
"14",13843.5511576889
"15",14237.500767181
"16",14604.678426303
"17",14924.9310387386
"18",15172.5755058425
"19",15391.3152971058
"20",15582.1318343562
"21",15707.4605271907
"22",15662.6137831941
"23",15448.4002176646
"24",15093.0661560377
"01",14515.0519945306
"02",13717.1011559921
"03",12910.5806025882
"04",12120.6562859111
"05",11602.6378926322
"06",11247.1959339122
"07",11045.0990217457
"08",11029.9646250312
"09",11254.0265743749
"10",11677.5213815129
"11",12100.341199625
"12",12518.9208509546
"13",13022.2920969644
"14",13597.454531321
"15",14153.493514129
"16",14646.0971478378
"17",15069.0421889111
"18",15405.8952513199
"19",15705.1499449183
"20",15956.6569493408
"21",16098.1560839644
"22",16017.0748746646
"23",15753.5439581032
"24",15358.2775570641
"01",14742.2907193994
"02",13889.7723025533
"03",13038.6688320195
"04",12115.1420981693
"05",11594.655838092
"06",11240.89473848
"07",11044.6643688891
"08",11042.6829253576
"09",11296.5080309191
"10",11755.624579781
"11",12178.3961137475
"12",12570.5316400138
"13",13053.5362403471
"14",13636.8632292615
"15",14222.7790079335
"16",14756.4002278426
"17",15226.057541793
"18",15610.9317547367
"19",15953.0777191376
"20",16236.9833522517
"21",16386.5625944837
"22",16280.6703008495
"23",15990.9706550839
"24",15566.3359057778
"01",14907.5109726037
"02",14000.5725999011
"03",13107.7300487212
"04",12314.6660756342
"05",11899.7753494179
"06",11646.3087100165
"07",11535.0942466746
"08",11605.1293762932
"09",11929.4201134268
"10",12505.5993545514
"11",13084.5386106361
"12",13452.3467162395
"13",13634.3818732554
"14",13779.92794925
"15",13958.7791831553
"16",14149.2778442266
"17",14327.8203380398
"18",14470.145868094
"19",14620.0407552744
"20",14810.5900696114
"21",15040.7679228477
"22",15195.6229348093
"23",15128.586892989
"24",14880.4400262601
"01",14413.4712742723
"02",13734.7218155504
"03",13018.5040715768
"04",12525.1030603399
"05",12130.0149977767
"06",11895.3025318281
"07",11798.3312845844
"08",11878.3902563374
"09",12207.3467645873
"10",12796.5392455157
"11",13414.3252160684
"12",13793.3249829057
"13",13917.9961119506
"14",13960.4782435983
"15",14034.8542005735
"16",14133.5166616887
"17",14227.4868258758
"18",14293.8150007575
"19",14378.332884672
"20",14525.4671078813
"21",14754.3539231545
"22",14960.2309923102
"23",14939.6543011919
"24",14733.3000176626
"01",14320.589915979
"02",13709.3690817877
"03",13044.3516866513
"04",12362.3227039694
"05",11948.3720459796
"06",11697.0584369001
"07",11588.353872631
"08",11666.123960335
"09",12008.4903955717
"10",12610.0342701721
"11",13193.4582787086
"12",13542.9120411062
"13",13705.4936588362
"14",13839.8384934532
"15",14008.0214998361
"16",14191.1874417829
"17",14360.6963990727
"18",14492.0748650027
"19",14628.3337521318
"20",14796.5825114035
"21",14991.074836036
"22",15103.7419307081
"23",15018.4996624623
"24",14762.5069201602
"01",14285.1970963734
"02",13603.9218251389
"03",12888.2100434786
"04",12390.4680914987
"05",11892.5517002152
"06",11570.976816767
"07",11409.6305234831
"08",11461.7028522613
"09",11813.6956965899
"10",12417.9359001701
"11",12942.4125316798
"12",13302.131222288
"13",13655.7747675314
"14",14101.5073585834
"15",14578.9746762481
"16",15033.6449043777
"17",15435.0238756311
"18",15753.8914145467
"19",16026.1789845876
"20",16236.4908524112
"21",16323.8917894352
"22",16181.3915270206
"23",15889.4873979774
"24",15466.5491533454
"01",14808.6947953867
"02",13919.0511907253
"03",13041.2578563715
"04",11700.6409150805
"05",11141.3252018187
"06",10751.1570400504
"07",10526.1027174633
"08",10518.1591665473
"09",10798.893978148
"10",11299.4955887704
"11",11687.9152001689
"12",12050.9346505023
"13",12636.4616710625
"14",13412.6935749417
"15",14165.7653629135
"16",14829.0191326562
"17",15391.8423708472
"18",15834.4935947478
"19",16200.1736960672
"20",16438.3596859235
"21",16443.4804747935
"22",16107.9231525066
"23",15691.820751831
"24",15187.2227158376
"01",14433.994530076
"02",13449.2699984812
"03",12505.6933494075
"04",12042.0600754115
"05",11496.1615160436
"06",11120.5938771692
"07",10906.9299213179
"08",10897.6455489794
"09",11155.7051279095
"10",11621.3474025079
"11",12024.8600111043
"12",12418.0201639285
"13",12965.203581678
"14",13652.85547901
"15",14339.8497596813
"16",14960.6373594728
"17",15502.4181052493
"18",15944.1908646911
"19",16324.1056371234
"20",16614.497950727
"21",16721.3261934694
"22",16525.2963801942
"23",16172.7770750239
"24",15697.138057072
"01",14982.1380570781
"02",14015.9040263455
"03",13078.798093094
"04",11923.1659943041
"05",11486.6664008392
"06",11198.9412663868
"07",11048.7590085839
"08",11061.1436852859
"09",11284.1857416292
"10",11710.3120968598
"11",12157.1056540505
"12",12529.8126671932
"13",12843.0523592253
"14",13142.0024335249
"15",13439.0454448646
"16",13715.5339497571
"17",13966.2961652984
"18",14177.8401907035
"19",14399.4517254629
"20",14657.5791415363
"21",14924.7042205137
"22",15074.4443021154
"23",14998.3073581241
"24",14745.134415519
"01",14264.2881170943
"02",13565.4263647613
"03",12837.1893681191
"04",11657.960394146
"05",11255.8946859083
"06",11010.9240457786
"07",10909.0248722918
"08",10998.2282776118
"09",11366.4293407694
"10",11999.1292318392
"11",12534.7062784812
"12",12805.7675325798
"13",12951.3654410634
"14",13131.2032015383
"15",13351.6486610072
"16",13584.1744085991
"17",13806.1356925401
"18",13992.2168783817
"19",14182.2072817511
"20",14393.2725579769
"21",14597.860174652
"22",14670.2467482898
"23",14578.7381496391
"24",14315.646758329
"01",13797.8087283378
"02",13078.0953797667
"03",12343.0153670712
"04",11756.0201737176
"05",11409.7481362002
"06",11211.8550837065
"07",11143.9457897422
"08",11245.6294557701
"09",11596.072969476
"10",12214.8260963532
"11",12803.3655368207
"12",13092.3872727955
"13",13118.4248244189
"14",13076.5220685595
"15",13070.4407789966
"16",13099.1768276798
"17",13142.2668374778
"18",13179.0819039514
"19",13256.8917100866
"20",13426.1756192039
"21",13705.6307280202
"22",13973.1160536671
"23",14035.4633904543
"24",13896.062469434
"01",13519.7254841185
"02",12962.2123649471
"03",12349.4989084693
"04",12313.2145298803
"05",11898.2590014952
"06",11654.3905315557
"07",11559.2548008054
"08",11666.2781064573
"09",12071.9596476895
"10",12758.8491384547
"11",13366.5737026892
"12",13678.2729096051
"13",13800.8415050333
"14",13938.3112643649
"15",14145.2216917608
"16",14384.2943704978
"17",14617.6523677666
"18",14812.1443405137
"19",15001.204314584
"20",15206.2947070177
"21",15407.0165195163
"22",15483.371835305
"23",15364.5119344915
"24",15064.4913249612
"01",14524.8411805765
"02",13767.1802571571
"03",12992.0761104278
"04",12798.4772574645
"05",12327.0432194637
"06",12027.1957497169
"07",11876.6969498289
"08",11918.6757499123
"09",12221.4621302399
"10",12771.796530935
"11",13347.2432998556
"12",13783.7517987131
"13",14102.019516566
"14",14402.1214520498
"15",14719.5349478327
"16",15024.6670533902
"17",15287.849825445
"18",15483.6619044836
"19",15656.9069561321
"20",15824.6614949764
"21",15970.7380588609
"22",16000.0106755264
"23",15826.6506973802
"24",15493.199995866
"01",14959.733803982
"02",14207.0922255941
"03",13426.0054112967
"04",13192.1813929282
"05",12780.3625342482
"06",12533.9847372941
"07",12423.9670226051
"08",12482.5140285431
"09",12769.0645866359
"10",13306.6978031187
"11",13957.7606458792
"12",14428.1064897167
"13",14600.0323694466
"14",14625.5250508444
"15",14674.4329634432
"16",14746.9773123655
"17",14810.1817834211
"18",14841.0988983464
"19",14890.2826326139
"20",15015.8936826372
"21",15256.5278766832
"22",15520.1799808091
"23",15515.2965185794
"24",15312.7938333912
"01",14936.5351326847
"02",14356.132079967
"03",13702.4155691491
"04",12507.2283401076
"05",11940.024618247
"06",11535.4770274885
"07",11284.242637391
"08",11211.7248675715
"09",11346.2133609049
"10",11649.6434668939
"11",12023.0139527752
"12",12535.2159460816
"13",13207.409291382
"14",13934.9976044444
"15",14606.6032292098
"16",15181.7450693137
"17",15657.7364781605
"18",16023.9690760997
"19",16336.6490049462
"20",16580.0250696671
"21",16683.1977016389
"22",16549.7961978592
"23",16232.7365521853
"24",15795.9878135923
"01",15164.1508919393
"02",14293.7231854711
"03",13421.0608863633
"04",12486.5600960337
"05",11989.3145212295
"06",11655.7471486382
"07",11471.1049333563
"08",11465.5472366552
"09",11688.2605885737
"10",12112.5829283387
"11",12564.3638471855
"12",12997.6570721151
"13",13432.3894166172
"14",13887.9316066319
"15",14347.8979948547
"16",14773.7692684454
"17",15148.4310819538
"18",15453.6551965974
"19",15735.528792154
"20",16002.1440477928
"21",16204.9045602444
"22",16227.0446327719
"23",16024.8934004806
"24",15660.7024251082
"01",15082.3154028454
"02",14264.0191952874
"03",13433.8528453965
